Timeline,Start time,Duration,Row,Instance number,00 Penalidades,01 Penalidades RD,02 Penalidades RA,03 Penalidades F. Estáticas,04 Penalidades Offside,05 Penalidades Placagem,06 Penalidades Outro,07 Penalidades Foul Play,10 1ª Parte,11 2ª Parte,Origem Ensaio,Resultado AL,Resultado FO,Resultado Ruck,Ungrouped,Notes,Flags
250531 CDUP vs Lousã,155.11666666666667,97.78833333333333,Sequências,1,,,,,,,,,,,,,,,,,
250531 CDUP vs Lousã,281.0466666666667,35.43000000000001,Sequências,2,,,,,,,,,,,,,,,,,
250531 CDUP vs Lousã,333.0266666666667,17.65212916268365,Sequências,3,,,,,,,,,,,,,,,,,
250531 CDUP vs Lousã,365.3566666666667,39.546666666666624,Sequências,4,,,,,,,,,,,,,,,,,
250531 CDUP vs Lousã,449.27,48.73166666666668,Sequências,5,,,,,,,,,,,,,,,,,
250531 CDUP vs Lousã,519.67,34.73018491599271,Sequências,6,,,,,,,,,,,,,,,,,
250531 CDUP vs Lousã,645.645,118.32333333333338,Sequências,7,,,,,,,,,,,,,,,,,
250531 CDUP vs Lousã,862.6666666666666,80.79000000000008,Sequências,8,,,,,,,,,,,,,,,,,
250531 CDUP vs Lousã,1040.98,34.02166666666676,Sequências,9,,,,,,,,,,,,,,,,,
250531 CDUP vs Lousã,1161.7116666666666,28.943333333333385,Sequências,10,,,,,,,,,,,,,,,,,
250531 CDUP vs Lousã,1190.655,64.16854059948491,Sequências,11,,,,,,,,,,,,,,,,,
250531 CDUP vs Lousã,1301.345,19.973333333333358,Sequências,12,,,,,,,,,,,,,,,,,
250531 CDUP vs Lousã,1377.2683333333334,15.148333333333312,Sequências,13,,,,,,,,,,,,,,,,,
250531 CDUP vs Lousã,1414.4833333333333,32.78183570477063,Sequências,14,,,,,,,,,,,,,,,,,
250531 CDUP vs Lousã,1660.6166666666666,94.92833333333351,Sequências,15,,,,,,,,,,,,,,,,,
250531 CDUP vs Lousã,1781.5016666666668,35.553953896835765,Sequências,16,,,,,,,,,,,,,,,,,
250531 CDUP vs Lousã,1888.3016666666667,15.194999999999936,Sequências,17,,,,,,,,,,,,,,,,,
250531 CDUP vs Lousã,1903.4966666666667,46.67878812076083,Sequências,18,,,,,,,,,,,,,,,,,
250531 CDUP vs Lousã,1950.1762001633576,15.085930149396518,Sequências,19,,,,,,,,,,,,,,,,,
250531 CDUP vs Lousã,2103.5583333333334,29.11833333333334,Sequências,20,,,,,,,,,,,,,,,,,
250531 CDUP vs Lousã,2148.66,34.721666666666806,Sequências,21,,,,,,,,,,,,,,,,,
250531 CDUP vs Lousã,2191.6940138663167,16.940682452625424,Sequências,22,,,,,,,,,,,,,,,,,
250531 CDUP vs Lousã,2232.866666666667,73.30666666666639,Sequências,23,,,,,,,,,,,,,,,,,
250531 CDUP vs Lousã,2403.1866666666665,74.38333333333367,Sequências,24,,,,,,,,,,,,,,,,,
250531 CDUP vs Lousã,2533.425,14.58999999999969,Sequências,25,,,,,,,,,,,,,,,,,
250531 CDUP vs Lousã,2573.9783333333335,25.153333333333194,Sequências,26,,,,,,,,,,,,,,,,,
250531 CDUP vs Lousã,2619.7466666666664,15.254352916656444,Sequências,27,,,,,,,,,,,,,,,,,
250531 CDUP vs Lousã,2676.125,153.75333333333356,Sequências,28,,,,,,,,,,,,,,,,,
250531 CDUP vs Lousã,2874.1116666666667,79.3133333333335,Sequências,29,,,,,,,,,,,,,,,,,
250531 CDUP vs Lousã,3044.5383333333334,16.23666666666668,Sequências,30,,,,,,,,,,,,,,,,,
250531 CDUP vs Lousã,3137.9583333333335,25.308333333333394,Sequências,31,,,,,,,,,,,,,,,,,
250531 CDUP vs Lousã,3183.505,41.47499999999991,Sequências,32,,,,,,,,,,,,,,,,,
250531 CDUP vs Lousã,3317.0933333333332,28.63166666666666,Sequências,33,,,,,,,,,,,,,,,,,
250531 CDUP vs Lousã,3411.3633333333332,27.73571800031641,Sequências,34,,,,,,,,,,,,,,,,,
250531 CDUP vs Lousã,3528.0016666666666,18.690000000000055,Sequências,35,,,,,,,,,,,,,,,,,
250531 CDUP vs Lousã,3661.6516666666666,57.321666666666715,Sequências,36,,,,,,,,,,,,,,,,,
250531 CDUP vs Lousã,3750.21,21.989126832666898,Sequências,37,,,,,,,,,,,,,,,,,
250531 CDUP vs Lousã,3850.015,86.88000000000011,Sequências,38,,,,,,,,,,,,,,,,,
250531 CDUP vs Lousã,3951.425,46.129999999999654,Sequências,39,,,,,,,,,,,,,,,,,
250531 CDUP vs Lousã,4053.3433333333332,60.03333333333376,Sequências,40,,,,,,,,,,,,,,,,,
250531 CDUP vs Lousã,4146.3116666666665,31.48666666666668,Sequências,41,,,,,,,,,,,,,,,,,
250531 CDUP vs Lousã,4224.973333333333,31.8100000000004,Sequências,42,,,,,,,,,,,,,,,,,
250531 CDUP vs Lousã,4311.7716666666665,30.58333333333303,Sequências,43,,,,,,,,,,,,,,,,,
250531 CDUP vs Lousã,4362.6,14.616666666665878,Sequências,44,,,,,,,,,,,,,,,,,
250531 CDUP vs Lousã,4614.236666666667,47.34333333333325,Sequências,45,,,,,,,,,,,,,,,,,
250531 CDUP vs Lousã,4688.8,42.22333333333336,Sequências,46,,,,,,,,,,,,,,,,,
250531 CDUP vs Lousã,4775.858333333334,38.88333333333321,Sequências,47,,,,,,,,,,,,,,,,,
250531 CDUP vs Lousã,4861.555,39.404999999999745,Sequências,48,,,,,,,,,,,,,,,,,
250531 CDUP vs Lousã,4951.706666666667,62.34964595592828,Sequências,49,,,,,,,,,,,,,,,,,
250531 CDUP vs Lousã,5014.056312622595,87.29684420389822,Sequências,50,,,,,,,,,,,,,,,,,
250531 CDUP vs Lousã,5193.333333333333,35.016666666667334,Sequências,51,,,,,,,,,,,,,,,,,
250531 CDUP vs Lousã,5268.891666666666,32.63833333333332,Sequências,52,,,,,,,,,,,,,,,,,
250531 CDUP vs Lousã,5335.691666666667,27.80756749997181,Sequências,53,,,,,,,,,,,,,,,,,
250531 CDUP vs Lousã,5526.383333333333,17.425000000000182,Sequências,54,,,,,,,,,,,,,,,,,
250531 CDUP vs Lousã,5543.808333333334,47.52179805103333,Sequências,55,,,,,,,,,,,,,,,,,
250531 CDUP vs Lousã,5661.188755486783,19.882911179884104,Sequências,56,,,,,,,,,,,,,,,,,
250531 CDUP vs Lousã,5681.071666666667,121.1141068901261,Sequências,57,,,,,,,,,,,,,,,,,
250531 CDUP vs Lousã,5883.473333333333,13.63000000000011,Sequências,58,,,,,,,,,,,,,,,,,
250531 CDUP vs Lousã,5968.345,35.16666666666606,Sequências,59,,,,,,,,,,,,,,,,,
250531 CDUP vs Lousã,158.01224202931616,89.28424101101723,Tempo Útil,1,,,,,,,,,,,,,,,,,
250531 CDUP vs Lousã,287.8092327967136,23.988304786952995,Tempo Útil,2,,,,,,,,,,,,,,,,,
250531 CDUP vs Lousã,378.7142349990008,21.48456587599884,Tempo Útil,3,,,,,,,,,,,,,,,,,
250531 CDUP vs Lousã,455.85204528302944,40.6470482589703,Tempo Útil,4,,,,,,,,,,,,,,,,,
250531 CDUP vs Lousã,531.9803841718679,21.21665370246501,Tempo Útil,5,,,,,,,,,,,,,,,,,
250531 CDUP vs Lousã,648.4697028123591,111.92942102030725,Tempo Útil,6,,,,,,,,,,,,,,,,,
250531 CDUP vs Lousã,866.2022011522056,72.6962908067934,Tempo Útil,7,,,,,,,,,,,,,,,,,
250531 CDUP vs Lousã,1045.8241378968112,25.874987519520573,Tempo Útil,8,,,,,,,,,,,,,,,,,
250531 CDUP vs Lousã,1164.831212006929,87.06784686840433,Tempo Útil,9,,,,,,,,,,,,,,,,,
250531 CDUP vs Lousã,1306.0098923247504,12.289091466581795,Tempo Útil,10,,,,,,,,,,,,,,,,,
250531 CDUP vs Lousã,1425.1057640261492,18.693312473850256,Tempo Útil,11,,,,,,,,,,,,,,,,,
250531 CDUP vs Lousã,1664.3624006801103,87.13746865289022,Tempo Útil,12,,,,,,,,,,,,,,,,,
250531 CDUP vs Lousã,1786.7403940378638,28.35901921046775,Tempo Útil,13,,,,,,,,,,,,,,,,,
250531 CDUP vs Lousã,1891.4076739224179,56.59149849491541,Tempo Útil,14,,,,,,,,,,,,,,,,,
250531 CDUP vs Lousã,1949.0576459900126,14.741347342985591,Tempo Útil,15,,,,,,,,,,,,,,,,,
250531 CDUP vs Lousã,2107.0143261504786,23.285189391187487,Tempo Útil,16,,,,,,,,,,,,,,,,,
250531 CDUP vs Lousã,2161.839043558081,18.459772232584783,Tempo Útil,17,,,,,,,,,,,,,,,,,
250531 CDUP vs Lousã,2194.1173069108163,11.280712629517438,Tempo Útil,18,,,,,,,,,,,,,,,,,
250531 CDUP vs Lousã,2240.178854394141,63.715883812857555,Tempo Útil,19,,,,,,,,,,,,,,,,,
250531 CDUP vs Lousã,2411.0701577364653,62.018677989776734,Tempo Útil,20,,,,,,,,,,,,,,,,,
250531 CDUP vs Lousã,2577.4002474014637,17.299076724536462,Tempo Útil,21,,,,,,,,,,,,,,,,,
250531 CDUP vs Lousã,2624.680558771225,7.018446270107688,Tempo Útil,22,,,,,,,,,,,,,,,,,
250531 CDUP vs Lousã,2686.3752272294573,141.2234166865428,Tempo Útil,23,,,,,,,,,,,,,,,,,
250531 CDUP vs Lousã,2883.47605472804,67.6247799796256,Tempo Útil,24,,,,,,,,,,,,,,,,,
250531 CDUP vs Lousã,3047.8939458815607,10.205011743106297,Tempo Útil,25,,,,,,,,,,,,,,,,,
250531 CDUP vs Lousã,3141.243261020937,18.955970603394235,Tempo Útil,26,,,,,,,,,,,,,,,,,
250531 CDUP vs Lousã,3189.155323192789,31.844063557543905,Tempo Útil,27,,,,,,,,,,,,,,,,,
250531 CDUP vs Lousã,3320.7865678373855,22.612362829279846,Tempo Útil,28,,,,,,,,,,,,,,,,,
250531 CDUP vs Lousã,3418.202270382064,18.397144700935314,Tempo Útil,29,,,,,,,,,,,,,,,,,
250531 CDUP vs Lousã,3531.0633310559638,10.736172735368655,Tempo Útil,30,,,,,,,,,,,,,,,,,
250531 CDUP vs Lousã,3676.0372610957857,38.56224694554794,Tempo Útil,31,,,,,,,,,,,,,,,,,
250531 CDUP vs Lousã,3755.237934076326,15.561744798341351,Tempo Útil,32,,,,,,,,,,,,,,,,,
250531 CDUP vs Lousã,3853.2826760462613,80.41711320340573,Tempo Útil,33,,,,,,,,,,,,,,,,,
250531 CDUP vs Lousã,3954.6956258869996,39.404560071999185,Tempo Útil,34,,,,,,,,,,,,,,,,,
250531 CDUP vs Lousã,4058.139396975659,50.35629985900687,Tempo Útil,35,,,,,,,,,,,,,,,,,
250531 CDUP vs Lousã,4154.837940348007,18.961150026990254,Tempo Útil,36,,,,,,,,,,,,,,,,,
250531 CDUP vs Lousã,4229.907152879253,21.292523995080046,Tempo Útil,37,,,,,,,,,,,,,,,,,
250531 CDUP vs Lousã,4317.0108114837985,21.38771130686746,Tempo Útil,38,,,,,,,,,,,,,,,,,
250531 CDUP vs Lousã,4625.819008813836,33.980327143830436,Tempo Útil,39,,,,,,,,,,,,,,,,,
250531 CDUP vs Lousã,4703.561638902427,24.53562626356961,Tempo Útil,40,,,,,,,,,,,,,,,,,
250531 CDUP vs Lousã,4778.76370889849,33.13604314284203,Tempo Útil,41,,,,,,,,,,,,,,,,,
250531 CDUP vs Lousã,4865.872112412494,32.62718333717385,Tempo Útil,42,,,,,,,,,,,,,,,,,
250531 CDUP vs Lousã,4956.339233978384,142.0600006886125,Tempo Útil,43,,,,,,,,,,,,,,,,,
250531 CDUP vs Lousã,5196.436397450577,30.06299184108957,Tempo Útil,44,,,,,,,,,,,,,,,,,
250531 CDUP vs Lousã,5273.570323440158,24.729000601505504,Tempo Útil,45,,,,,,,,,,,,,,,,,
250531 CDUP vs Lousã,5344.999512573092,16.599586927239216,Tempo Útil,46,,,,,,,,,,,,,,,,,
250531 CDUP vs Lousã,5529.834749123361,13.664458543306864,Tempo Útil,47,,,,,,,,,,,,,,,,,
250531 CDUP vs Lousã,5543.499207666668,45.89991441633083,Tempo Útil,48,,,,,,,,,,,,,,,,,
250531 CDUP vs Lousã,5680.096541831755,120.70253041857995,Tempo Útil,49,,,,,,,,,,,,,,,,,
250531 CDUP vs Lousã,5979.4637250292635,15.836159303402383,Tempo Útil,50,,,,,,,,,,,,,,,,,
250531 CDUP vs Lousã,824.0989235409929,12.0,CDUP 3 Pontos,1,,,,,,,,,,,,,,,,,
250531 CDUP vs Lousã,333.0266666666667,17.370844164544735,CDUP Alinhamento,1,,,,,,,,,,,,Perdido,,,,,
250531 CDUP vs Lousã,1377.2683333333334,15.148333333333312,CDUP Alinhamento,2,,,,,,,,,,,,Perdido,,,,,
250531 CDUP vs Lousã,2232.866666666667,73.30666666666639,CDUP Alinhamento,3,,,,,,,,,,,,Ganho,,,,,
250531 CDUP vs Lousã,2573.9783333333335,25.153333333333194,CDUP Alinhamento,4,,,,,,,,,,,,Ganho,,,,,
250531 CDUP vs Lousã,2676.125,153.75333333333356,CDUP Alinhamento,5,,,,,,,,,,,,Ganho,,,,,
250531 CDUP vs Lousã,3183.505,41.47499999999991,CDUP Alinhamento,6,,,,,,,,,,,,Ganho,,,,,
250531 CDUP vs Lousã,3411.3633333333332,27.73571800031641,CDUP Alinhamento,7,,,,,,,,,,,,Ganho,,,,,
250531 CDUP vs Lousã,3750.21,21.989126832666898,CDUP Alinhamento,8,,,,,,,,,,,,Ganho,,,,,
250531 CDUP vs Lousã,4146.3116666666665,31.48666666666668,CDUP Alinhamento,9,,,,,,,,,,,,Ganho,,,,,
250531 CDUP vs Lousã,4362.6,14.616666666665878,CDUP Alinhamento,10,,,,,,,,,,,,Perdido,,,,,
250531 CDUP vs Lousã,4775.858333333334,38.88333333333321,CDUP Alinhamento,11,,,,,,,,,,,,Ganho,,,,,
250531 CDUP vs Lousã,4861.555,39.404999999999745,CDUP Alinhamento,12,,,,,,,,,,,,Ganho,,,,,
250531 CDUP vs Lousã,5883.473333333333,13.63000000000011,CDUP Alinhamento,13,,,,,,,,,,,,Perdido,,,,,
250531 CDUP vs Lousã,1480.705,12.0,CDUP Conversão,1,,,,,,,,,,,,,,,,,
250531 CDUP vs Lousã,2072.181666666667,12.0,CDUP Conversão,2,,,,,,,,,,,,,,,,,
250531 CDUP vs Lousã,3498.8866666666668,12.0,CDUP Conversão,3,,,,,,,,,,,,,,,,,
250531 CDUP vs Lousã,3817.673333333333,12.0,CDUP Conversão,4,,,,,,,,,,,,,,,,,
250531 CDUP vs Lousã,5163.633333333333,12.0,CDUP Conversão,5,,,,,,,,,,,,,,,,,
250531 CDUP vs Lousã,1418.4229282993529,30.74427158710523,CDUP Ensaio Marcado,1,,,,,,,,,,,FO,,,,,,
250531 CDUP vs Lousã,1948.5099478697455,19.54631558914457,CDUP Ensaio Marcado,2,,,,,,,,,,,TAP,,,,,,
250531 CDUP vs Lousã,3415.8569294215126,25.442472704158718,CDUP Ensaio Marcado,3,,,,,,,,,,,AL,,,,,,
250531 CDUP vs Lousã,3753.9154600260267,19.26779168161056,CDUP Ensaio Marcado,4,,,,,,,,,,,AL,,,,,,
250531 CDUP vs Lousã,5012.192241049904,91.53811541492814,CDUP Ensaio Marcado,5,,,,,,,,,,,TAP,,,,,,
250531 CDUP vs Lousã,1414.4833333333333,32.78183570477063,CDUP FO,1,,,,,,,,,,,,,Ganha,,,,
250531 CDUP vs Lousã,2148.66,34.721666666666806,CDUP FO,2,,,,,,,,,,,,,Ganha,,,,
250531 CDUP vs Lousã,2874.1116666666667,79.3133333333335,CDUP FO,3,,,,,,,,,,,,,Ganha,,,,
250531 CDUP vs Lousã,3661.6516666666666,57.321666666666715,CDUP FO,4,,,,,,,,,,,,,Ganha,,,,
250531 CDUP vs Lousã,4688.8,42.22333333333336,CDUP FO,5,,,,,,,,,,,,,Ganha,,,,
250531 CDUP vs Lousã,3628.681666666667,21.518759375653644,CDUP FO Reset,1,,,,,,,,,,,,,,,,,
250531 CDUP vs Lousã,183.8986191666667,15.0,CDUP Jogo ao Pé,1,,,,,,,,,,,,,,,,,
250531 CDUP vs Lousã,884.5216666666666,15.0,CDUP Jogo ao Pé,2,,,,,,,,,,,,,,,,,
250531 CDUP vs Lousã,913.3433333333334,15.0,CDUP Jogo ao Pé,3,,,,,,,,,,,,,,,,,
250531 CDUP vs Lousã,929.1986700839984,15.0,CDUP Jogo ao Pé,4,,,,,,,,,,,,,,,,,
250531 CDUP vs Lousã,1045.9716666666666,15.0,CDUP Jogo ao Pé,5,,,,,,,,,,,,,,,,,
250531 CDUP vs Lousã,1672.8984346246657,15.0,CDUP Jogo ao Pé,6,,,,,,,,,,,,,,,,,
250531 CDUP vs Lousã,1693.2033333333334,15.0,CDUP Jogo ao Pé,7,,,,,,,,,,,,,,,,,
250531 CDUP vs Lousã,1741.298730541666,15.0,CDUP Jogo ao Pé,8,,,,,,,,,,,,,,,,,
250531 CDUP vs Lousã,2113.8616666666667,15.0,CDUP Jogo ao Pé,9,,,,,,,,,,,,,,,,,
250531 CDUP vs Lousã,2584.099026749665,15.0,CDUP Jogo ao Pé,10,,,,,,,,,,,,,,,,,
250531 CDUP vs Lousã,2751.7979516666646,15.0,CDUP Jogo ao Pé,11,,,,,,,,,,,,,,,,,
250531 CDUP vs Lousã,2764.098342541666,15.0,CDUP Jogo ao Pé,12,,,,,,,,,,,,,,,,,
250531 CDUP vs Lousã,2893.195,15.0,CDUP Jogo ao Pé,13,,,,,,,,,,,,,,,,,
250531 CDUP vs Lousã,3700.8959676249997,15.0,CDUP Jogo ao Pé,14,,,,,,,,,,,,,,,,,
250531 CDUP vs Lousã,3858.9993377069986,15.0,CDUP Jogo ao Pé,15,,,,,,,,,,,,,,,,,
250531 CDUP vs Lousã,3921.415,15.0,CDUP Jogo ao Pé,16,,,,,,,,,,,,,,,,,
250531 CDUP vs Lousã,4074.258333333333,15.0,CDUP Jogo ao Pé,17,,,,,,,,,,,,,,,,,
250531 CDUP vs Lousã,4094.961666666667,15.0,CDUP Jogo ao Pé,18,,,,,,,,,,,,,,,,,
250531 CDUP vs Lousã,4236.698333333334,15.0,CDUP Jogo ao Pé,19,,,,,,,,,,,,,,,,,
250531 CDUP vs Lousã,4647.928333333333,15.0,CDUP Jogo ao Pé,20,,,,,,,,,,,,,,,,,
250531 CDUP vs Lousã,5554.715,15.0,CDUP Jogo ao Pé,21,,,,,,,,,,,,,,,,,
250531 CDUP vs Lousã,5762.8,15.0,CDUP Jogo ao Pé,22,,,,,,,,,,,,,,,,,
250531 CDUP vs Lousã,155.11666666666667,97.78833333333333,CDUP P. Saída,1,,,,,,,,,,,,,,,,,
250531 CDUP vs Lousã,645.645,118.32333333333338,CDUP P. Saída,2,,,,,,,,,,,,,,,,,
250531 CDUP vs Lousã,1161.7116666666666,28.943333333333385,CDUP P. Saída,3,,,,,,,,,,,,,,,,,
250531 CDUP vs Lousã,1888.3016666666667,15.194999999999936,CDUP P. Saída,4,,,,,,,,,,,,,,,,,
250531 CDUP vs Lousã,5526.383333333333,17.425000000000182,CDUP P. Saída,5,,,,,,,,,,,,,,,,,
250531 CDUP vs Lousã,376.74208541391823,24.205757064147406,CDUP Penalidades,1,Fase Estática,,,FO Defensiva,,,,,,,,,,,,,
250531 CDUP vs Lousã,1234.9996956243322,20.0,CDUP Penalidades,2,Ruck Atacante,,Agarrado à Bola,,,,,,,,,,,,,,
250531 CDUP vs Lousã,2434.8991467906667,20.0,CDUP Penalidades,3,Placagem,,,,,Placagem Alta,,,,,,,,,,,
250531 CDUP vs Lousã,3043.897323416667,20.0,CDUP Penalidades,4,Ruck Atacante,,Agarrado à Bola,,,,,,,,,,,,,,
250531 CDUP vs Lousã,4883.2998022913325,20.0,CDUP Penalidades,5,Ruck Atacante,,Mergulho RA,,,,,,,,,,,,,,
250531 CDUP vs Lousã,5209.499072498999,20.0,CDUP Penalidades,6,Outro,,,,,,Avant Intencional,,,,,,,,,,
250531 CDUP vs Lousã,5527.899502915666,20.0,CDUP Penalidades,7,Ruck Defensivo,Placador Não Larga,,,,,,,,,,,,,,,
250531 CDUP vs Lousã,5666.79896279133,20.0,CDUP Penalidades,8,P. Livre,,,,,,,,,,,,,,,,
250531 CDUP vs Lousã,183.69932220833306,63.59716083200033,CDUP Posse de Bola,1,,,,,,,,,,,,,,,,,
250531 CDUP vs Lousã,662.865,97.5341238326663,CDUP Posse de Bola,2,,,,,,,,,,,,,,,,,
250531 CDUP vs Lousã,866.2022011522056,56.29671097179232,CDUP Posse de Bola,3,,,,,,,,,,,,,,,,,
250531 CDUP vs Lousã,928.3982840839999,10.500207874999091,CDUP Posse de Bola,4,,,,,,,,,,,,,,,,,
250531 CDUP vs Lousã,1045.8241378968112,8.4757093108542,CDUP Posse de Bola,5,,,,,,,,,,,,,,,,,
250531 CDUP vs Lousã,1189.5006709166657,62.39838795866763,CDUP Posse de Bola,6,,,,,,,,,,,,,,,,,
250531 CDUP vs Lousã,1425.1057640261492,18.693312473850256,CDUP Posse de Bola,7,,,,,,,,,,,,,,,,,
250531 CDUP vs Lousã,1664.3624006801103,17.43560102822221,CDUP Posse de Bola,8,,,,,,,,,,,,,,,,,
250531 CDUP vs Lousã,1689.8984355836662,11.800740040667051,CDUP Posse de Bola,9,,,,,,,,,,,,,,,,,
250531 CDUP vs Lousã,1741.9985150413336,9.501354291666985,CDUP Posse de Bola,10,,,,,,,,,,,,,,,,,
250531 CDUP vs Lousã,1902.4992237916663,45.499948625667,CDUP Posse de Bola,11,,,,,,,,,,,,,,,,,
250531 CDUP vs Lousã,1949.0576459900126,14.741347342985591,CDUP Posse de Bola,12,,,,,,,,,,,,,,,,,
250531 CDUP vs Lousã,2107.0143261504786,23.285189391187487,CDUP Posse de Bola,13,,,,,,,,,,,,,,,,,
250531 CDUP vs Lousã,2161.839043558081,18.459772232584783,CDUP Posse de Bola,14,,,,,,,,,,,,,,,,,
250531 CDUP vs Lousã,2240.178854394141,57.72281227252597,CDUP Posse de Bola,15,,,,,,,,,,,,,,,,,
250531 CDUP vs Lousã,2577.4002474014637,17.299076724536462,CDUP Posse de Bola,16,,,,,,,,,,,,,,,,,
250531 CDUP vs Lousã,2686.3752272294573,58.69643943720985,CDUP Posse de Bola,17,,,,,,,,,,,,,,,,,
250531 CDUP vs Lousã,2752.7983095416644,7.400438040667268,CDUP Posse de Bola,18,,,,,,,,,,,,,,,,,
250531 CDUP vs Lousã,2763.9991765406667,8.296392418666073,CDUP Posse de Bola,19,,,,,,,,,,,,,,,,,
250531 CDUP vs Lousã,2787.26,19.97499999999991,CDUP Posse de Bola,20,,,,,,,,,,,,,,,,,
250531 CDUP vs Lousã,2883.47605472804,18.22026497996012,CDUP Posse de Bola,21,,,,,,,,,,,,,,,,,
250531 CDUP vs Lousã,2928.099566915667,16.443766417666666,CDUP Posse de Bola,22,,,,,,,,,,,,,,,,,
250531 CDUP vs Lousã,3047.8939458815607,10.205011743106297,CDUP Posse de Bola,23,,,,,,,,,,,,,,,,,
250531 CDUP vs Lousã,3189.155323192789,31.844063557543905,CDUP Posse de Bola,24,,,,,,,,,,,,,,,,,
250531 CDUP vs Lousã,3320.7865678373855,22.612362829279846,CDUP Posse de Bola,25,,,,,,,,,,,,,,,,,
250531 CDUP vs Lousã,3418.202270382064,18.397144700935314,CDUP Posse de Bola,26,,,,,,,,,,,,,,,,,
250531 CDUP vs Lousã,3531.0633310559638,10.736172735368655,CDUP Posse de Bola,27,,,,,,,,,,,,,,,,,
250531 CDUP vs Lousã,3676.0372610957857,33.061949527878824,CDUP Posse de Bola,28,,,,,,,,,,,,,,,,,
250531 CDUP vs Lousã,3755.237934076326,15.561744798341351,CDUP Posse de Bola,29,,,,,,,,,,,,,,,,,
250531 CDUP vs Lousã,3853.2826760462613,14.016923912071888,CDUP Posse de Bola,30,,,,,,,,,,,,,,,,,
250531 CDUP vs Lousã,3877.755,55.94478924966688,CDUP Posse de Bola,31,,,,,,,,,,,,,,,,,
250531 CDUP vs Lousã,3954.6956258869996,39.404560071999185,CDUP Posse de Bola,32,,,,,,,,,,,,,,,,,
250531 CDUP vs Lousã,4073.8992034176654,9.696967165000842,CDUP Posse de Bola,33,,,,,,,,,,,,,,,,,
250531 CDUP vs Lousã,4096.496379165999,11.999317668666663,CDUP Posse de Bola,34,,,,,,,,,,,,,,,,,
250531 CDUP vs Lousã,4154.837940348007,18.961150026990254,CDUP Posse de Bola,35,,,,,,,,,,,,,,,,,
250531 CDUP vs Lousã,4229.907152879253,21.292523995080046,CDUP Posse de Bola,36,,,,,,,,,,,,,,,,,
250531 CDUP vs Lousã,4644.697800958333,15.101534999334035,CDUP Posse de Bola,37,,,,,,,,,,,,,,,,,
250531 CDUP vs Lousã,4703.561638902427,24.53562626356961,CDUP Posse de Bola,38,,,,,,,,,,,,,,,,,
250531 CDUP vs Lousã,4778.76370889849,33.13604314284203,CDUP Posse de Bola,39,,,,,,,,,,,,,,,,,
250531 CDUP vs Lousã,4865.872112412494,32.62718333717385,CDUP Posse de Bola,40,,,,,,,,,,,,,,,,,
250531 CDUP vs Lousã,5013.300516330395,85.09871833660145,CDUP Posse de Bola,41,,,,,,,,,,,,,,,,,
250531 CDUP vs Lousã,5283.93,14.369324041663276,CDUP Posse de Bola,42,,,,,,,,,,,,,,,,,
250531 CDUP vs Lousã,5549.387946709,13.459380915663132,CDUP Posse de Bola,43,,,,,,,,,,,,,,,,,
250531 CDUP vs Lousã,5742.846666666666,29.664999999999964,CDUP Posse de Bola,44,,,,,,,,,,,,,,,,,
250531 CDUP vs Lousã,3137.9583333333335,25.308333333333394,CDUP Restarts,1,,,,,,,,,,,,,,,,,
250531 CDUP vs Lousã,204.15333333333334,10.0,CDUP Rucks,1,,,,,,,,,,,,,,,,,
250531 CDUP vs Lousã,223.90833333333333,10.0,CDUP Rucks,2,,,,,,,,,,,,,,,,,
250531 CDUP vs Lousã,660.895,10.0,CDUP Rucks,3,,,,,,,,,,,,,,,,,
250531 CDUP vs Lousã,674.245,11.975252628012186,CDUP Rucks,4,,,,,,,,,,,,,,,,,
250531 CDUP vs Lousã,683.0383333333333,13.0,CDUP Rucks,5,,,,,,,,,,,,,,,,,
250531 CDUP vs Lousã,695.3366666666667,10.0,CDUP Rucks,6,,,,,,,,,,,,,,,,,
250531 CDUP vs Lousã,700.6483333333333,10.0,CDUP Rucks,7,,,,,,,,,,,,,,,,,
250531 CDUP vs Lousã,708.7866666666666,10.0,CDUP Rucks,8,,,,,,,,,,,,,,,,,
250531 CDUP vs Lousã,715.615,20.0,CDUP Rucks,9,,,,,,,,,,,,,,,,,
250531 CDUP vs Lousã,731.7516666666667,10.0,CDUP Rucks,10,,,,,,,,,,,,,,,,,
250531 CDUP vs Lousã,739.3033333333333,10.0,CDUP Rucks,11,,,,,,,,,,,,,,,,,
250531 CDUP vs Lousã,746.035,10.0,CDUP Rucks,12,,,,,,,,,,,,,,,,,
250531 CDUP vs Lousã,750.9366666666666,10.0,CDUP Rucks,13,,,,,,,,,,,,,,,,,
250531 CDUP vs Lousã,868.0616666666665,11.582182015939566,CDUP Rucks,14,,,,,,,,,,,,,,,,,
250531 CDUP vs Lousã,876.4833333333333,16.0,CDUP Rucks,15,,,,,,,,,,,,,,,,,
250531 CDUP vs Lousã,903.85,10.0,CDUP Rucks,16,,,,,,,,,,,,,,,,,
250531 CDUP vs Lousã,911.5266666666666,10.0,CDUP Rucks,17,,,,,,,,,,,,,,,,,
250531 CDUP vs Lousã,1044.66,10.0,CDUP Rucks,18,,,,,,,,,,,,,,,,,
250531 CDUP vs Lousã,1194.1883333333333,10.0,CDUP Rucks,19,,,,,,,,,,,,,,,,,
250531 CDUP vs Lousã,1199.8033333333333,10.0,CDUP Rucks,20,,,,,,,,,,,,,,,,,
250531 CDUP vs Lousã,1205.745,10.0,CDUP Rucks,21,,,,,,,,,,,,,,,,,
250531 CDUP vs Lousã,1215.1233333333332,10.0,CDUP Rucks,22,,,,,,,,,,,,,,,,,
250531 CDUP vs Lousã,1222.14,10.0,CDUP Rucks,23,,,,,,,,,,,,,,,,,
250531 CDUP vs Lousã,1228.2116666666666,10.0,CDUP Rucks,24,,,,,,,,,,,,,,,,,
250531 CDUP vs Lousã,1240.3733333333332,12.35732637862884,CDUP Rucks,25,,,,,,,,,,,,,,Perdido,,,
250531 CDUP vs Lousã,1430.9483333333333,10.0,CDUP Rucks,26,,,,,,,,,,,,,,,,,
250531 CDUP vs Lousã,1670.1633333333334,10.85776660876968,CDUP Rucks,27,,,,,,,,,,,,,,,,,
250531 CDUP vs Lousã,1909.6,10.0,CDUP Rucks,28,,,,,,,,,,,,,,,,,
250531 CDUP vs Lousã,1919.56,10.0,CDUP Rucks,29,,,,,,,,,,,,,,,,,
250531 CDUP vs Lousã,1925.78,10.0,CDUP Rucks,30,,,,,,,,,,,,,,,,,
250531 CDUP vs Lousã,2107.48,13.382005480851603,CDUP Rucks,31,,,,,,,,,,,,,,,,,
250531 CDUP vs Lousã,2243.995,10.0,CDUP Rucks,32,,,,,,,,,,,,,,,,,
250531 CDUP vs Lousã,2252.568333333333,10.0,CDUP Rucks,33,,,,,,,,,,,,,,,,,
250531 CDUP vs Lousã,2260.435,10.0,CDUP Rucks,34,,,,,,,,,,,,,,,,,
250531 CDUP vs Lousã,2269.915,10.0,CDUP Rucks,35,,,,,,,,,,,,,,,,,
250531 CDUP vs Lousã,2275.135,10.0,CDUP Rucks,36,,,,,,,,,,,,,,,,,
250531 CDUP vs Lousã,2279.17,10.0,CDUP Rucks,37,,,,,,,,,,,,,,,,,
250531 CDUP vs Lousã,2286.1116666666667,10.0,CDUP Rucks,38,,,,,,,,,,,,,,,,,
250531 CDUP vs Lousã,2580.8283333333334,10.0,CDUP Rucks,39,,,,,,,,,,,,,,,,,
250531 CDUP vs Lousã,2689.9783333333335,10.0,CDUP Rucks,40,,,,,,,,,,,,,,,,,
250531 CDUP vs Lousã,2696.2683333333334,10.0,CDUP Rucks,41,,,,,,,,,,,,,,,,,
250531 CDUP vs Lousã,2706.7516666666666,10.0,CDUP Rucks,42,,,,,,,,,,,,,,,,,
250531 CDUP vs Lousã,2712.855,10.0,CDUP Rucks,43,,,,,,,,,,,,,,,,,
250531 CDUP vs Lousã,2718.9066666666668,10.0,CDUP Rucks,44,,,,,,,,,,,,,,,,,
250531 CDUP vs Lousã,2728.536666666667,10.0,CDUP Rucks,45,,,,,,,,,,,,,,,,,
250531 CDUP vs Lousã,2789.2283333333335,10.0,CDUP Rucks,46,,,,,,,,,,,,,,,,,
250531 CDUP vs Lousã,2795.475,10.0,CDUP Rucks,47,,,,,,,,,,,,,,Perdido,,,
250531 CDUP vs Lousã,2889.2033333333334,10.0,CDUP Rucks,48,,,,,,,,,,,,,,,,,
250531 CDUP vs Lousã,2928.7533333333336,10.0,CDUP Rucks,49,,,,,,,,,,,,,,,,,
250531 CDUP vs Lousã,3047.226666666667,11.388063212601992,CDUP Rucks,50,,,,,,,,,,,,,,Perdido,,,
250531 CDUP vs Lousã,3197.3683333333333,10.0,CDUP Rucks,51,,,,,,,,,,,,,,,,,
250531 CDUP vs Lousã,3203.5116666666668,10.0,CDUP Rucks,52,,,,,,,,,,,,,,,,,
250531 CDUP vs Lousã,3322.2616666666668,10.0,CDUP Rucks,53,,,,,,,,,,,,,,,,,
250531 CDUP vs Lousã,3327.2283333333335,10.0,CDUP Rucks,54,,,,,,,,,,,,,,,,,
250531 CDUP vs Lousã,3332.69,10.0,CDUP Rucks,55,,,,,,,,,,,,,,,,,
250531 CDUP vs Lousã,3530.8233333333333,10.0,CDUP Rucks,56,,,,,,,,,,,,,,,,,
250531 CDUP vs Lousã,3684.0533333333333,10.0,CDUP Rucks,57,,,,,,,,,,,,,,,,,
250531 CDUP vs Lousã,3689.8116666666665,10.0,CDUP Rucks,58,,,,,,,,,,,,,,,,,
250531 CDUP vs Lousã,3694.7933333333335,10.0,CDUP Rucks,59,,,,,,,,,,,,,,,,,
250531 CDUP vs Lousã,3854.18,10.476224016515971,CDUP Rucks,60,,,,,,,,,,,,,,,,,
250531 CDUP vs Lousã,3882.443333333333,10.0,CDUP Rucks,61,,,,,,,,,,,,,,,,,
250531 CDUP vs Lousã,3887.7966666666666,10.0,CDUP Rucks,62,,,,,,,,,,,,,,,,,
250531 CDUP vs Lousã,3894.4016666666666,10.0,CDUP Rucks,63,,,,,,,,,,,,,,,,,
250531 CDUP vs Lousã,3900.105,10.0,CDUP Rucks,64,,,,,,,,,,,,,,,,,
250531 CDUP vs Lousã,3906.73,10.0,CDUP Rucks,65,,,,,,,,,,,,,,,,,
250531 CDUP vs Lousã,3917.383333333333,10.0,CDUP Rucks,66,,,,,,,,,,,,,,,,,
250531 CDUP vs Lousã,3962.55,13.27199632557813,CDUP Rucks,67,,,,,,,,,,,,,,,,,
250531 CDUP vs Lousã,3975.548333333333,10.0,CDUP Rucks,68,,,,,,,,,,,,,,,,,
250531 CDUP vs Lousã,4231.861666666667,10.0,CDUP Rucks,69,,,,,,,,,,,,,,,,,
250531 CDUP vs Lousã,4713.685,10.762374647076285,CDUP Rucks,70,,,,,,,,,,,,,,,,,
250531 CDUP vs Lousã,4792.876666666667,10.0,CDUP Rucks,71,,,,,,,,,,,,,,,,,
250531 CDUP vs Lousã,4798.508333333333,10.0,CDUP Rucks,72,,,,,,,,,,,,,,,,,
250531 CDUP vs Lousã,4880.753333333333,10.0,CDUP Rucks,73,,,,,,,,,,,,,,,,,
250531 CDUP vs Lousã,4888.701666666667,10.0,CDUP Rucks,74,,,,,,,,,,,,,,Perdido,,,
250531 CDUP vs Lousã,5012.388333333333,10.0,CDUP Rucks,75,,,,,,,,,,,,,,,,,
250531 CDUP vs Lousã,5017.806666666666,10.0,CDUP Rucks,76,,,,,,,,,,,,,,,,,
250531 CDUP vs Lousã,5023.216666666666,10.0,CDUP Rucks,77,,,,,,,,,,,,,,,,,
250531 CDUP vs Lousã,5036.43,13.156872486521934,CDUP Rucks,78,,,,,,,,,,,,,,,,,
250531 CDUP vs Lousã,5045.918333333333,10.0,CDUP Rucks,79,,,,,,,,,,,,,,,,,
250531 CDUP vs Lousã,5054.24,10.0,CDUP Rucks,80,,,,,,,,,,,,,,,,,
250531 CDUP vs Lousã,5061.24,10.0,CDUP Rucks,81,,,,,,,,,,,,,,,,,
250531 CDUP vs Lousã,5069.861666666667,10.0,CDUP Rucks,82,,,,,,,,,,,,,,,,,
250531 CDUP vs Lousã,5075.275,10.0,CDUP Rucks,83,,,,,,,,,,,,,,,,,
250531 CDUP vs Lousã,5082.568333333334,10.0,CDUP Rucks,84,,,,,,,,,,,,,,,,,
250531 CDUP vs Lousã,5282.625,10.957995844579273,CDUP Rucks,85,,,,,,,,,,,,,,,,,
250531 CDUP vs Lousã,5548.056666666666,11.828949741115139,CDUP Rucks,86,,,,,,,,,,,,,,,,,
250531 CDUP vs Lousã,5742.175,10.0,CDUP Rucks,87,,,,,,,,,,,,,,,,,
250531 CDUP vs Lousã,5750.025,10.0,CDUP Rucks,88,,,,,,,,,,,,,,,,,
250531 CDUP vs Lousã,5758.16,10.0,CDUP Rucks,89,,,,,,,,,,,,,,,,,
250531 CDUP vs Lousã,449.27,48.73166666666668,Lousã Alinhamento,1,,,,,,,,,,,,Ganho,,,,,
250531 CDUP vs Lousã,1040.98,34.02166666666676,Lousã Alinhamento,2,,,,,,,,,,,,Perdido,,,,,
250531 CDUP vs Lousã,1301.345,19.973333333333358,Lousã Alinhamento,3,,,,,,,,,,,,Ganho,,,,,
250531 CDUP vs Lousã,1781.5016666666668,34.78001761232758,Lousã Alinhamento,4,,,,,,,,,,,,Ganho,,,,,
250531 CDUP vs Lousã,2533.425,14.58999999999969,Lousã Alinhamento,5,,,,,,,,,,,,Perdido,,,,,
250531 CDUP vs Lousã,2619.7466666666664,15.254352916656444,Lousã Alinhamento,6,,,,,,,,,,,,Ganho,,,,,
250531 CDUP vs Lousã,4053.3433333333332,60.03333333333376,Lousã Alinhamento,7,,,,,,,,,,,,Ganho,,,,,
250531 CDUP vs Lousã,4224.973333333333,31.8100000000004,Lousã Alinhamento,8,,,,,,,,,,,,Perdido,,,,,
250531 CDUP vs Lousã,4311.7716666666665,30.58333333333303,Lousã Alinhamento,9,,,,,,,,,,,,Ganho,,,,,
250531 CDUP vs Lousã,4951.706666666667,62.34964595592828,Lousã Alinhamento,10,,,,,,,,,,,,Ganho,,,,,
250531 CDUP vs Lousã,5268.891666666666,32.63833333333332,Lousã Alinhamento,11,,,,,,,,,,,,Ganho,,,,,
250531 CDUP vs Lousã,1125.415,12.0,Lousã Conversão,1,,,,,,,,,,,,,,,,,
250531 CDUP vs Lousã,1840.2838807076707,12.0,Lousã Conversão,2,,,,,,,,,,,,,,,,,
250531 CDUP vs Lousã,5431.782267790994,12.0,Lousã Conversão,3,,,,,,,,,,,,,,,,,
250531 CDUP vs Lousã,525.105513960377,31.49473833061529,Lousã Ensaio Marcado,1,,,,,,,,,,,FO,,,,,,
250531 CDUP vs Lousã,1052.2042444416454,26.186457348686417,Lousã Ensaio Marcado,2,,,,,,,,,,,CA,,,,,,
250531 CDUP vs Lousã,1786.2417155601672,31.8889951729509,Lousã Ensaio Marcado,3,,,,,,,,,,,AL,,,,,,
250531 CDUP vs Lousã,5342.708399149201,22.990166933106593,Lousã Ensaio Marcado,4,,,,,,,,,,,FO,,,,,,
250531 CDUP vs Lousã,281.0466666666667,35.43000000000001,Lousã FO,1,,,,,,,,,,,,,Ganha,,,,
250531 CDUP vs Lousã,365.3566666666667,39.546666666666624,Lousã FO,2,,,,,,,,,,,,,Ganha,,,,
250531 CDUP vs Lousã,519.67,34.73018491599271,Lousã FO,3,,,,,,,,,,,,,Ganha,,,,
250531 CDUP vs Lousã,2403.1866666666665,74.38333333333367,Lousã FO,4,,,,,,,,,,,,,Ganha,,,,
250531 CDUP vs Lousã,4614.236666666667,47.34333333333325,Lousã FO,5,,,,,,,,,,,,,Ganha,,,,
250531 CDUP vs Lousã,5335.691666666667,27.80756749997181,Lousã FO,6,,,,,,,,,,,,,Ganha,,,,
250531 CDUP vs Lousã,5661.188755486783,19.882911179884104,Lousã FO,7,,,,,,,,,,,,,Ganha,,,,
250531 CDUP vs Lousã,5968.345,35.16666666666606,Lousã FO,8,,,,,,,,,,,,,Ganha,,,,
250531 CDUP vs Lousã,175.3973069999998,15.0,Lousã Jogo ao Pé,1,,,,,,,,,,,,,,,,,
250531 CDUP vs Lousã,299.998941166333,15.0,Lousã Jogo ao Pé,2,,,,,,,,,,,,,,,,,
250531 CDUP vs Lousã,920.8980222089999,15.0,Lousã Jogo ao Pé,3,,,,,,,,,,,,,,,,,
250531 CDUP vs Lousã,1179.7965257079993,15.0,Lousã Jogo ao Pé,4,,,,,,,,,,,,,,,,,
250531 CDUP vs Lousã,1681.6985594586656,15.0,Lousã Jogo ao Pé,5,,,,,,,,,,,,,,,,,
250531 CDUP vs Lousã,1734.6987209579993,15.0,Lousã Jogo ao Pé,6,,,,,,,,,,,,,,,,,
250531 CDUP vs Lousã,1796.7966666666666,15.0,Lousã Jogo ao Pé,7,,,,,,,,,,,,,,,,,
250531 CDUP vs Lousã,1892.4988337493323,15.0,Lousã Jogo ao Pé,8,,,,,,,,,,,,,,,,,
250531 CDUP vs Lousã,2194.496590541001,15.0,Lousã Jogo ao Pé,9,,,,,,,,,,,,,,,,,
250531 CDUP vs Lousã,2456.798953624332,15.0,Lousã Jogo ao Pé,10,,,,,,,,,,,,,,,,,
250531 CDUP vs Lousã,2745.17,15.0,Lousã Jogo ao Pé,11,,,,,,,,,,,,,,,,,
250531 CDUP vs Lousã,2756.398914249333,15.0,Lousã Jogo ao Pé,12,,,,,,,,,,,,,,,,,
250531 CDUP vs Lousã,2771.7383333333332,15.0,Lousã Jogo ao Pé,13,,,,,,,,,,,,,,,,,
250531 CDUP vs Lousã,2780.9766666666665,15.0,Lousã Jogo ao Pé,14,,,,,,,,,,,,,,,,,
250531 CDUP vs Lousã,2920.2433333333333,15.0,Lousã Jogo ao Pé,15,,,,,,,,,,,,,,,,,
250531 CDUP vs Lousã,3149.6985730829992,15.0,Lousã Jogo ao Pé,16,,,,,,,,,,,,,,,,,
250531 CDUP vs Lousã,3704.399351165666,15.0,Lousã Jogo ao Pé,17,,,,,,,,,,,,,,,,,
250531 CDUP vs Lousã,4066.4993500823325,15.0,Lousã Jogo ao Pé,18,,,,,,,,,,,,,,,,,
250531 CDUP vs Lousã,4088.499059165998,15.0,Lousã Jogo ao Pé,19,,,,,,,,,,,,,,,,,
250531 CDUP vs Lousã,4325.999666915666,15.0,Lousã Jogo ao Pé,20,,,,,,,,,,,,,,,,,
250531 CDUP vs Lousã,4637.381666666667,15.0,Lousã Jogo ao Pé,21,,,,,,,,,,,,,,,,,
250531 CDUP vs Lousã,862.6666666666666,80.79000000000008,Lousã P. Saída,1,,,,,,,,,,,,,,,,,
250531 CDUP vs Lousã,1660.6166666666666,94.92833333333351,Lousã P. Saída,2,,,,,,,,,,,,,,,,,
250531 CDUP vs Lousã,2103.5583333333334,29.11833333333334,Lousã P. Saída,3,,,,,,,,,,,,,,,,,
250531 CDUP vs Lousã,3044.5383333333334,16.23666666666668,Lousã P. Saída,4,,,,,,,,,,,,,,,,,
250531 CDUP vs Lousã,3528.0016666666666,18.690000000000055,Lousã P. Saída,5,,,,,,,,,,,,,,,,,
250531 CDUP vs Lousã,3850.015,86.88000000000011,Lousã P. Saída,6,,,,,,,,,,,,,,,,,
250531 CDUP vs Lousã,5193.333333333333,35.016666666667334,Lousã P. Saída,7,,,,,,,,,,,,,,,,,
250531 CDUP vs Lousã,743.1982439999999,20.0,Lousã Penalidades,1,Fora de Jogo,,,,Fora de Jogo Defensivo,,,,,,,,,,,,
250531 CDUP vs Lousã,1302.3937098323333,20.0,Lousã Penalidades,2,Fase Estática,,,Maul Atacante,,,,,,,,,,,,,
250531 CDUP vs Lousã,1921.4988495406658,20.0,Lousã Penalidades,3,Ruck Defensivo,Placador Não Sai,,,,,,,,,,,,,,,
250531 CDUP vs Lousã,2164.8997793753333,20.0,Lousã Penalidades,4,Outro,,,,,,Avant Intencional,,,,,,,,,,
250531 CDUP vs Lousã,2617.3991435406665,20.0,Lousã Penalidades,5,Fase Estática,,,Maul Atacante,,,,,,,,,,,,,
250531 CDUP vs Lousã,2624.299946958332,20.0,Lousã Penalidades,6,Foul Play,,,,,,,Palavras,,,,,,,,,
250531 CDUP vs Lousã,2936.299123458332,20.0,Lousã Penalidades,7,Ruck Atacante,,Agarrado à Bola,,,,,,,,,,,,,,
250531 CDUP vs Lousã,3196.1991789583326,20.0,Lousã Penalidades,8,Placagem,,,,,Placagem Alta,,,,,,,,,,,
250531 CDUP vs Lousã,3326.2985385409984,20.0,Lousã Penalidades,9,Ruck Defensivo,Placador Não Sai,,,,,,,,,,,,,,,
250531 CDUP vs Lousã,4707.194333375664,20.0,Lousã Penalidades,10,Placagem,,,,,Placagem Alta,,,,,,,,,,,
250531 CDUP vs Lousã,4779.499954332668,20.0,Lousã Penalidades,11,Fase Estática,,,Maul Defensivo,,,,,,,,,,,,,
250531 CDUP vs Lousã,4997.3991456660015,20.0,Lousã Penalidades,12,Ruck Atacante,,Agarrado à Bola,,,,,,,,,,,,,,
250531 CDUP vs Lousã,158.01224202931616,26.386688804683587,Lousã Posse de Bola,1,,,,,,,,,,,,,,,,,
250531 CDUP vs Lousã,287.8092327967136,23.988304786952995,Lousã Posse de Bola,2,,,,,,,,,,,,,,,,,
250531 CDUP vs Lousã,378.7142349990008,21.48456587599884,Lousã Posse de Bola,3,,,,,,,,,,,,,,,,,
250531 CDUP vs Lousã,455.85204528302944,40.6470482589703,Lousã Posse de Bola,4,,,,,,,,,,,,,,,,,
250531 CDUP vs Lousã,531.9803841718679,21.21665370246501,Lousã Posse de Bola,5,,,,,,,,,,,,,,,,,
250531 CDUP vs Lousã,648.4697028123591,18.395945854640786,Lousã Posse de Bola,6,,,,,,,,,,,,,,,,,
250531 CDUP vs Lousã,920.6992950829982,8.298536834000856,Lousã Posse de Bola,7,,,,,,,,,,,,,,,,,
250531 CDUP vs Lousã,1053.6997764993316,17.999348917000134,Lousã Posse de Bola,8,,,,,,,,,,,,,,,,,
250531 CDUP vs Lousã,1164.831212006929,25.768069785405032,Lousã Posse de Bola,9,,,,,,,,,,,,,,,,,
250531 CDUP vs Lousã,1306.0098923247504,12.289091466581795,Lousã Posse de Bola,10,,,,,,,,,,,,,,,,,
250531 CDUP vs Lousã,1681.2980406249985,9.301165708666304,Lousã Posse de Bola,11,,,,,,,,,,,,,,,,,
250531 CDUP vs Lousã,1700.999681041333,41.7994790000007,Lousã Posse de Bola,12,,,,,,,,,,,,,,,,,
250531 CDUP vs Lousã,1786.7403940378638,28.35901921046775,Lousã Posse de Bola,13,,,,,,,,,,,,,,,,,
250531 CDUP vs Lousã,1891.4076739224179,12.190258619248198,Lousã Posse de Bola,14,,,,,,,,,,,,,,,,,
250531 CDUP vs Lousã,2194.1173069108163,11.280712629517438,Lousã Posse de Bola,15,,,,,,,,,,,,,,,,,
250531 CDUP vs Lousã,2294.2366666666667,9.658071540332003,Lousã Posse de Bola,16,,,,,,,,,,,,,,,,,
250531 CDUP vs Lousã,2411.0701577364653,62.018677989776734,Lousã Posse de Bola,17,,,,,,,,,,,,,,,,,
250531 CDUP vs Lousã,2624.680558771225,7.018446270107688,Lousã Posse de Bola,18,,,,,,,,,,,,,,,,,
250531 CDUP vs Lousã,2741.405,11.993840291998367,Lousã Posse de Bola,19,,,,,,,,,,,,,,,,,
250531 CDUP vs Lousã,2759.599072582334,5.000279083331407,Lousã Posse de Bola,20,,,,,,,,,,,,,,,,,
250531 CDUP vs Lousã,2771.698427417332,18.294905916001426,Lousã Posse de Bola,21,,,,,,,,,,,,,,,,,
250531 CDUP vs Lousã,2801.96,25.638643916000092,Lousã Posse de Bola,22,,,,,,,,,,,,,,,,,
250531 CDUP vs Lousã,2900.799502124666,27.999541082665473,Lousã Posse de Bola,23,,,,,,,,,,,,,,,,,
250531 CDUP vs Lousã,2939.1666666666665,11.934168040998884,Lousã Posse de Bola,24,,,,,,,,,,,,,,,,,
250531 CDUP vs Lousã,3141.243261020937,18.955970603394235,Lousã Posse de Bola,25,,,,,,,,,,,,,,,,,
250531 CDUP vs Lousã,3708.0998330416664,6.49967499966715,Lousã Posse de Bola,26,,,,,,,,,,,,,,,,,
250531 CDUP vs Lousã,3866.6976154579984,14.724051208668243,Lousã Posse de Bola,27,,,,,,,,,,,,,,,,,
250531 CDUP vs Lousã,4058.139396975659,16.658890065672495,Lousã Posse de Bola,28,,,,,,,,,,,,,,,,,
250531 CDUP vs Lousã,4083.0988638746658,13.899495040666807,Lousã Posse de Bola,29,,,,,,,,,,,,,,,,,
250531 CDUP vs Lousã,4317.0108114837985,21.38771130686746,Lousã Posse de Bola,30,,,,,,,,,,,,,,,,,
250531 CDUP vs Lousã,4625.819008813836,19.780111227826637,Lousã Posse de Bola,31,,,,,,,,,,,,,,,,,
250531 CDUP vs Lousã,4956.339233978384,57.060926728613595,Lousã Posse de Bola,32,,,,,,,,,,,,,,,,,
250531 CDUP vs Lousã,5196.436397450577,30.06299184108957,Lousã Posse de Bola,33,,,,,,,,,,,,,,,,,
250531 CDUP vs Lousã,5273.570323440158,15.009676559842774,Lousã Posse de Bola,34,,,,,,,,,,,,,,,,,
250531 CDUP vs Lousã,5344.999512573092,16.599586927239216,Lousã Posse de Bola,35,,,,,,,,,,,,,,,,,
250531 CDUP vs Lousã,5529.834749123361,13.664458543306864,Lousã Posse de Bola,36,,,,,,,,,,,,,,,,,
250531 CDUP vs Lousã,5543.499207666668,10.057377368668313,Lousã Posse de Bola,37,,,,,,,,,,,,,,,,,
250531 CDUP vs Lousã,5562.398976999001,27.000145083997268,Lousã Posse de Bola,38,,,,,,,,,,,,,,,,,
250531 CDUP vs Lousã,5680.096541831755,67.78251287724561,Lousã Posse de Bola,39,,,,,,,,,,,,,,,,,
250531 CDUP vs Lousã,5771.395,29.40407225033414,Lousã Posse de Bola,40,,,,,,,,,,,,,,,,,
250531 CDUP vs Lousã,5979.4637250292635,15.836159303402383,Lousã Posse de Bola,41,,,,,,,,,,,,,,,,,
250531 CDUP vs Lousã,3317.0933333333332,28.63166666666666,Lousã Restarts,1,,,,,,,,,,,,,,,,,
250531 CDUP vs Lousã,3951.425,46.129999999999654,Lousã Restarts,2,,,,,,,,,,,,,,,,,
250531 CDUP vs Lousã,163.76166666666666,10.0,Lousã Rucks,1,,,,,,,,,,,,,,,,,
250531 CDUP vs Lousã,170.25,10.0,Lousã Rucks,2,,,,,,,,,,,,,,,,,
250531 CDUP vs Lousã,295.69166666666666,10.73074651157026,Lousã Rucks,3,,,,,,,,,,,,,,,,,
250531 CDUP vs Lousã,456.8949999999999,11.353564322506202,Lousã Rucks,4,,,,,,,,,,,,,,,,,
250531 CDUP vs Lousã,466.52,10.0,Lousã Rucks,5,,,,,,,,,,,,,,,,,
250531 CDUP vs Lousã,470.72833333333335,10.0,Lousã Rucks,6,,,,,,,,,,,,,,,,,
250531 CDUP vs Lousã,479.2183333333333,10.0,Lousã Rucks,7,,,,,,,,,,,,,,,,,
250531 CDUP vs Lousã,652.28,10.0,Lousã Rucks,8,,,,,,,,,,,,,,,,,
250531 CDUP vs Lousã,659.7816666666666,10.0,Lousã Rucks,9,,,,,,,,,,,,,,,,,
250531 CDUP vs Lousã,1166.2283333333332,10.728155870801174,Lousã Rucks,10,,,,,,,,,,,,,,,,,
250531 CDUP vs Lousã,1176.0466666666666,10.0,Lousã Rucks,11,,,,,,,,,,,,,,,,,
250531 CDUP vs Lousã,1700.8933333333337,12.114556951956502,Lousã Rucks,12,,,,,,,,,,,,,,,,,
250531 CDUP vs Lousã,1711.3066666666666,10.0,Lousã Rucks,13,,,,,,,,,,,,,,,,,
250531 CDUP vs Lousã,1718.2483333333332,10.0,Lousã Rucks,14,,,,,,,,,,,,,,,,,
250531 CDUP vs Lousã,1725.7483333333332,10.0,Lousã Rucks,15,,,,,,,,,,,,,,,,,
250531 CDUP vs Lousã,1733.54,10.0,Lousã Rucks,16,,,,,,,,,,,,,,,,,
250531 CDUP vs Lousã,1789.315,10.0,Lousã Rucks,17,,,,,,,,,,,,,,,,,
250531 CDUP vs Lousã,1794.4,10.0,Lousã Rucks,18,,,,,,,,,,,,,,,,,
250531 CDUP vs Lousã,2427.0533333333333,10.0,Lousã Rucks,19,,,,,,,,,,,,,,,,,
250531 CDUP vs Lousã,2433.105,10.0,Lousã Rucks,20,,,,,,,,,,,,,,,,,
250531 CDUP vs Lousã,2443.525,10.0,Lousã Rucks,21,,,,,,,,,,,,,,,,,
250531 CDUP vs Lousã,2451.28,10.0,Lousã Rucks,22,,,,,,,,,,,,,,,,,
250531 CDUP vs Lousã,2742.43,10.0,Lousã Rucks,23,,,,,,,,,,,,,,,,,
250531 CDUP vs Lousã,2804.048333333333,10.0,Lousã Rucks,24,,,,,,,,,,,,,,,,,
250531 CDUP vs Lousã,2900.5433333333335,10.0,Lousã Rucks,25,,,,,,,,,,,,,,,,,
250531 CDUP vs Lousã,2906.855,10.0,Lousã Rucks,26,,,,,,,,,,,,,,,,,
250531 CDUP vs Lousã,2915.056666666667,10.0,Lousã Rucks,27,,,,,,,,,,,,,,,,,
250531 CDUP vs Lousã,2940.9990498739994,10.0,Lousã Rucks,28,,,,,,,,,,,,,,Perdido,,,
250531 CDUP vs Lousã,4062.6516666666666,10.0,Lousã Rucks,29,,,,,,,,,,,,,,,,,
250531 CDUP vs Lousã,4081.825,11.859191567959897,Lousã Rucks,30,,,,,,,,,,,,,,,,,
250531 CDUP vs Lousã,4319.99,11.639877523161886,Lousã Rucks,31,,,,,,,,,,,,,,,,,
250531 CDUP vs Lousã,4958.548333333333,10.0,Lousã Rucks,32,,,,,,,,,,,,,,,,,
250531 CDUP vs Lousã,4968.155,10.0,Lousã Rucks,33,,,,,,,,,,,,,,,,,
250531 CDUP vs Lousã,4984.181666666666,10.0,Lousã Rucks,34,,,,,,,,,,,,,,,,,
250531 CDUP vs Lousã,4994.916666666667,10.0,Lousã Rucks,35,,,,,,,,,,,,,,,,,
250531 CDUP vs Lousã,5002.286666666667,12.0,Lousã Rucks,36,,,,,,,,,,,,,,Perdido,,,
250531 CDUP vs Lousã,5200.36,11.030996373025118,Lousã Rucks,37,,,,,,,,,,,,,,,,,
250531 CDUP vs Lousã,5209.395,10.0,Lousã Rucks,38,,,,,,,,,,,,,,,,,
250531 CDUP vs Lousã,5276.335,13.635764058805762,Lousã Rucks,39,,,,,,,,,,,,,,Perdido,,,
250531 CDUP vs Lousã,5534.568333333334,10.0,Lousã Rucks,40,,,,,,,,,,,,,,,,,
250531 CDUP vs Lousã,5544.194366749664,10.0,Lousã Rucks,41,,,,,,,,,,,,,,Perdido,,,
250531 CDUP vs Lousã,5566.718333333333,11.415527004791329,Lousã Rucks,42,,,,,,,,,,,,,,,,,
250531 CDUP vs Lousã,5573.5633333333335,10.0,Lousã Rucks,43,,,,,,,,,,,,,,,,,
250531 CDUP vs Lousã,5680.701666666667,10.0,Lousã Rucks,44,,,,,,,,,,,,,,,,,
250531 CDUP vs Lousã,5693.4366666666665,14.092908117240768,Lousã Rucks,45,,,,,,,,,,,,,,,,,
250531 CDUP vs Lousã,5704.475,10.0,Lousã Rucks,46,,,,,,,,,,,,,,,,,
250531 CDUP vs Lousã,5721.888333333333,10.6008208868152,Lousã Rucks,47,,,,,,,,,,,,,,,,,
250531 CDUP vs Lousã,5738.143333333333,10.0,Lousã Rucks,48,,,,,,,,,,,,,,Perdido,,,
250531 CDUP vs Lousã,5770.21,10.0,Lousã Rucks,49,,,,,,,,,,,,,,,,,
250531 CDUP vs Lousã,5780.508333333333,10.0,Lousã Rucks,50,,,,,,,,,,,,,,,,,